{
  "project_info": {
    "project_number": "886699841322",
    "project_id": "shankar-first-app-7a0e6",
    "storage_bucket": "shankar-first-app-7a0e6.appspot.com"
  },
  "client": [
    {
      "client_info": {
        "mobilesdk_app_id": "1:886699841322:android:b462aa790fc9980aad7053",
        "android_client_info": {
          "package_name": "com.example.Shankarapp"
        }
      },
      "oauth_client": [],
      "api_key": [
        {
          "current_key": "AIzaSyBymlv0g7oP-zr-kffuHGLDRRLMOKDVq2w"
        }
      ],
      "services": {
        "appinvite_service": {
          "other_platform_oauth_client": []
        }
      }
    }
  ],
  "configuration_version": "1"
}